<?xml version="1.0" encoding="UTF-8"?>
<!DOCTYPE mapper PUBLIC "-//mybatis.org//DTD Mapper 3.0//EN" "http://mybatis.org/dtd/mybatis-3-mapper.dtd">
<mapper namespace="BoardMapper"> 
	
	<insert id="createPost" parameterType="BoardDTO">
		INSERT INTO board(user_id, group_id, type, title, content) VALUES(#{user_id}, #{group_id}, #{type}, #{title}, #{content})
	</insert>

	<select id="getGroupId" resultType="int" parameterType="String">
		SELECT id FROM `group` WHERE link=#{link} 
	</select>
	
	<select id="getBoardList" resultType="BoardDTO" parameterType="int"> 
		SELECT board.id, board.user_id, `user`.name as userName, group_id, type, title, time, content FROM board inner join `user` on `user`.id = board.user_id WHERE group_id= #{group_id};
	</select>

	<select id="getCommentList" resultType="CommentDTO">
		SELECT comment.id, comment.user_id, `user`.name as userName, time, board_id, `type`, content FROM `comment` inner join `user` on `user`.id = `comment`.user_id WHERE board_id=#{board_id};
	</select>
	
	<insert id="createComment" parameterType="CommentDTO" >
		INSERT INTO comment (user_id, board_id, type, content) VALUES (#{user_id}, #{board_id}, #{type}, #{content} ) ;
	</insert>
	
	<select id="getUserName" parameterType="String">
		SELECT name FROM `user` WHERE user_id=#{user_id} 
	</select>
	
</mapper>